company_name,ats_url
Suade,https://apply.workable.com/suade/
Starling Bank,https://apply.workable.com/starling-bank/
Pepperstone,https://apply.workable.com/pepperstone/
BMLL Technologies,https://apply.workable.com/bmlltech/
Updraft,https://apply.workable.com/updraft/
TransFICC,https://jobs.ashbyhq.com/transficc/
Happl,https://jobs.ashbyhq.com/happl/
ARQ,https://jobs.ashbyhq.com/ARQ/
Funding Circle,https://jobs.ashbyhq.com/fundingcircle/
ElevenLabs,https://jobs.ashbyhq.com/elevenlabs/
Aveni,https://jobs.ashbyhq.com/aveni/
Lupa Pets,https://jobs.ashbyhq.com/lupapets/
Hopper,https://jobs.ashbyhq.com/hopper/
Junior AI,https://jobs.ashbyhq.com/junior/
Air Apps,https://jobs.ashbyhq.com/airapps/
Fanvue,https://jobs.ashbyhq.com/fanvue.com/
EDF UK,https://careers.smartrecruiters.com/EDF-UK/
ALTEN,https://careers.smartrecruiters.com/ALTEN/
Real Links,https://careers.smartrecruiters.com/RealLinks/
